[
  {
    "id": "4c28fcf0-06ef-4ddc-8ca0-de87874619fe",
    "user_id": "b0dde890-c8f0-4d55-8ef1-264e49016ef9",
    "tutorial_id": "06a2b833-ddb6-415f-83cf-02cfbe13fb83",
    "price_paid": 5,
    "method": "saldo",
    "status": "completed",
    "created_at": "2025-11-21T23:23:41.578Z",
    "paid_at": "2025-11-21T23:23:41.602Z"
  },
  {
    "id": "7486e1da-ea04-4a94-9772-b1b8405824c7",
    "user_id": "b0dde890-c8f0-4d55-8ef1-264e49016ef9",
    "tutorial_id": "06a2b833-ddb6-415f-83cf-02cfbe13fb83",
    "price_paid": 5,
    "method": "saldo",
    "status": "completed",
    "created_at": "2025-11-21T23:23:52.825Z",
    "paid_at": "2025-11-21T23:23:52.828Z"
  },
  {
    "id": "68cc6187-848e-4e05-b9f7-318515e5798e",
    "user_id": "b0dde890-c8f0-4d55-8ef1-264e49016ef9",
    "tutorial_id": "06a2b833-ddb6-415f-83cf-02cfbe13fb83",
    "price_paid": 5,
    "method": "saldo",
    "status": "completed",
    "created_at": "2025-11-21T23:43:23.559Z",
    "paid_at": "2025-11-21T23:43:23.563Z"
  },
  {
    "id": "6a75f67e-9731-42d5-8dcc-111f0c4ad60b",
    "user_id": "b0dde890-c8f0-4d55-8ef1-264e49016ef9",
    "tutorial_id": "06a2b833-ddb6-415f-83cf-02cfbe13fb83",
    "price_paid": 5,
    "method": "saldo",
    "status": "completed",
    "created_at": "2025-11-21T23:43:33.051Z",
    "paid_at": "2025-11-21T23:43:33.056Z"
  },
  {
    "id": "4c176d1b-14a2-4f65-8b18-af2f445284c8",
    "user_id": "b0dde890-c8f0-4d55-8ef1-264e49016ef9",
    "tutorial_id": "06a2b833-ddb6-415f-83cf-02cfbe13fb83",
    "price_paid": 5,
    "method": "saldo",
    "status": "completed",
    "created_at": "2025-11-21T23:48:04.031Z",
    "paid_at": "2025-11-21T23:48:04.036Z"
  },
  {
    "id": "1fc61767-b648-4edd-9a81-02fb4fe2086f",
    "user_id": "b0dde890-c8f0-4d55-8ef1-264e49016ef9",
    "tutorial_id": "06a2b833-ddb6-415f-83cf-02cfbe13fb83",
    "price_paid": 5,
    "method": "saldo",
    "status": "completed",
    "created_at": "2025-11-21T23:48:12.631Z",
    "paid_at": "2025-11-21T23:48:12.634Z"
  },
  {
    "id": "7a2a29ca-48b9-4033-86f4-5a6a40f1e925",
    "user_id": "b0dde890-c8f0-4d55-8ef1-264e49016ef9",
    "tutorial_id": "06a2b833-ddb6-415f-83cf-02cfbe13fb83",
    "price_paid": 5,
    "method": "saldo",
    "status": "completed",
    "created_at": "2025-11-21T23:51:58.248Z",
    "paid_at": "2025-11-21T23:51:58.252Z"
  },
  {
    "id": "620050c6-37d8-4bed-8568-a0d28a3098b2",
    "user_id": "b0dde890-c8f0-4d55-8ef1-264e49016ef9",
    "tutorial_id": "06a2b833-ddb6-415f-83cf-02cfbe13fb83",
    "price_paid": 5,
    "method": "saldo",
    "status": "completed",
    "created_at": "2025-11-21T23:52:07.831Z"
  }
]"paid_at": "2025-11-21T23:52:07.837Z"
  }
]