[
  {
    "id": "321bdbc1-d3ec-4cc8-8931-aeb5b8e10f35",
    "user_id": "b0dde890-c8f0-4d55-8ef1-264e49016ef9",
    "tutorial_id": "06a2b833-ddb6-415f-83cf-02cfbe13fb83",
    "price_paid": 5,
    "method": "saldo",
    "status": "completed",
    "created_at": "2025-11-22T00:02:48.801Z",
    "paid_at": "2025-11-22T00:02:48.811Z"
  },
  {
    "id": "0534b0e6-f357-4e20-9a93-970aae64abe0",
    "user_id": "b0dde890-c8f0-4d55-8ef1-264e49016ef9",
    "tutorial_id": "06a2b833-ddb6-415f-83cf-02cfbe13fb83",
    "price_paid": 5,
    "method": "saldo",
    "status": "completed",
    "created_at": "2025-11-22T00:02:58.374Z",
    "paid_at": "2025-11-22T00:02:58.376Z"
  },
  {
    "id": "5fd81965-13aa-4b6c-a7a3-1fd5e06ac4aa",
    "user_id": "b0dde890-c8f0-4d55-8ef1-264e49016ef9",
    "tutorial_id": "06a2b833-ddb6-415f-83cf-02cfbe13fb83",
    "price_paid": 5,
    "method": "saldo",
    "status": "completed",
    "created_at": "2025-11-22T00:18:10.326Z",
    "paid_at": "2025-11-22T00:18:10.329Z"
  },
  {
    "id": "1f54d6cb-1e59-41cb-b358-34e0514a228c",
    "user_id": "b0dde890-c8f0-4d55-8ef1-264e49016ef9",
    "tutorial_id": "06a2b833-ddb6-415f-83cf-02cfbe13fb83",
    "price_paid": 5,
    "method": "saldo",
    "status": "completed",
    "created_at": "2025-11-22T00:18:17.966Z",
    "paid_at": "2025-11-22T00:18:17.969Z"
  },
  {
    "id": "b060353d-6917-4659-9a5a-56f7f8cf4719",
    "user_id": "b0dde890-c8f0-4d55-8ef1-264e49016ef9",
    "tutorial_id": "1",
    "price_paid": 10,
    "method": "saldo",
    "status": "completed",
    "created_at": "2025-11-22T00:22:50.034Z",
    "paid_at": "2025-11-22T00:22:50.038Z"
  },
  {
    "id": "d022112f-ff1a-4374-bec8-200f77e62eab",
    "user_id": "b0dde890-c8f0-4d55-8ef1-264e49016ef9",
    "tutorial_id": "2",
    "price_paid": 1,
    "method": "saldo",
    "status": "completed",
    "created_at": "2025-11-22T00:28:54.180Z",
    "paid_at": "2025-11-22T00:28:54.185Z"
  },
  {
    "id": "754e1614-755b-493b-a328-083c2f554258",
    "user_id": "b0dde890-c8f0-4d55-8ef1-264e49016ef9",
    "tutorial_id": "116e31b3-61ad-4e29-b7fb-98431fa3840a",
    "price_paid": 1.5,
    "method": "saldo",
    "status": "completed",
    "created_at": "2025-11-22T00:52:32.085Z",
    "paid_at": "2025-11-22T00:52:32.104Z"
  },
  {
    "id": "d7853d40-f403-4cd8-977a-2dab69fb5371",
    "user_id": "b0dde890-c8f0-4d55-8ef1-264e49016ef9",
    "tutorial_id": "3",
    "price_paid": 1,
    "method": "saldo",
    "status": "completed",
    "created_at": "2025-11-22T02:50:55.318Z"
  },
  {
    "id": "5bf3b33e-c14d-4f41-bdf7-35428465b3ed",
    "user_id": "40871178-b819-4344-bbb5-064d16fd129a",
    "tutorial_id": "4",
    "price_paid": 10,
    "method": "saldo",
    "status": "completed",
    "created_at": "2025-11-24T18:17:10.223Z"
  }
]