[
  {
    "id": "4",
    "created_at": "2025-11-22T06:39:35.779Z",
    "title": "BIN: 553659 | LVL: BLACK | BANDEIRA: MASTER | BANCO: PORTOSEG | R$10",
    "price": 10,
    "description": "BIN: 553659 | LVL: BLACK | BANDEIRA: MASTER | BANCO: PORTOSEG | R$10\n💳 Número: 553659******\n📆 02/32\n🔐 CVV: ***\n929.284.980-87\n🏛 Banco: PORTOSEG S.A. CREDITO FINANCIAMENTO E INVESTIMENTO\n🌍 País: BRAZIL\n💠 Nível: BLACK\n\nDados: [Censurados]\n\n💵 Valor: R$ 10",
    "content": "💳 Número: 5536591004792149\n📆 02/32\n🔐 CVV: 068\nCPF:929.284.980-87\n🏛 Banco: PORTOSEG S.A. CREDITO FINANCIAMENTO E INVESTIMENTO\n🌍 País: BRAZIL\n💠 Nível: BLACK\n🔐NOME: ANDRE DE GREGORI"
  }
]